{"cameraMode":{"drawMode":0,"name":"Shaded","section":"Shading Mode"},"sceneLighting":true,"audioPlay":false,"sceneViewState":{"m_AlwaysRefresh":false,"showFog":true,"showSkybox":true,"showFlares":true,"showImageEffects":true,"showParticleSystems":true,"showVisualEffectGraphs":true,"m_FxEnabled":true},"in2DMode":false,"pivot":{"x":-1.8016756772994996,"y":1.6889921426773072,"z":-28.991661071777345},"rotation":{"x":-0.02610601857304573,"y":-0.9132413864135742,"z":0.059269774705171588,"w":-0.40224719047546389},"size":14.415891647338868,"orthographic":false}