{"cameraMode":{"drawMode":0,"name":"Shaded","section":"Shading Mode"},"sceneLighting":true,"audioPlay":false,"sceneViewState":{"m_AlwaysRefresh":false,"showFog":true,"showSkybox":true,"showFlares":true,"showImageEffects":true,"showParticleSystems":true,"showVisualEffectGraphs":true,"m_FxEnabled":true},"in2DMode":false,"pivot":{"x":-3.955890655517578,"y":4.422056674957275,"z":-8.783430099487305},"rotation":{"x":-0.008130254223942757,"y":0.9802497029304504,"z":-0.043035805225372317,"w":-0.19319945573806764},"size":10.386643409729004,"orthographic":false}